{"cameraMode":{"drawMode":0,"name":"Shaded","section":"Shading Mode"},"sceneLighting":false,"audioPlay":false,"sceneViewState":{"m_AlwaysRefresh":false,"showFog":true,"showSkybox":false,"showFlares":true,"showImageEffects":true,"showParticleSystems":true,"showVisualEffectGraphs":true,"m_FxEnabled":true},"in2DMode":false,"pivot":{"x":-4.987785339355469,"y":0.029999971389770509,"z":-2.5899999141693117},"rotation":{"x":0.03322220593690872,"y":0.7190752625465393,"z":-0.03500427305698395,"w":0.6925135254859924},"size":1.8371175527572632,"orthographic":false}